pools,0.9972496,3129,3597,3159,3638,3_3.jpg
pools,0.90115047,3369,3305,3399,3337,3_3.jpg
pools,0.85650563,3588,3030,3619,3072,3_3.jpg
pools,0.7409947,3145,3544,3174,3582,3_3.jpg
pools,0.74034834,3595,3529,3627,3563,3_3.jpg
pools,0.72418165,3017,3916,3050,3952,3_3.jpg
pools,0.99026227,3454,737,3482,774,3_0.jpg
pools,0.98235416,3623,24,3650,60,3_0.jpg
pools,0.9196256,3669,308,3696,343,3_0.jpg
pools,0.8937993,3798,718,3829,755,3_0.jpg
pools,0.67317486,3538,688,3567,720,3_0.jpg
pools,0.63857746,3912,970,3940,1000,3_0.jpg
pools,0.95185125,837,2183,868,2219,0_2.jpg
pools,0.79694796,791,2756,824,2797,0_2.jpg
pools,0.50320333,810,2148,836,2183,0_2.jpg
pools,0.9999151,725,41,753,88,0_0.jpg
pools,0.9964636,745,302,777,333,0_0.jpg
pools,0.995686,611,454,640,490,0_0.jpg
pools,0.9845965,748,474,785,504,0_0.jpg
pools,0.9601377,430,328,457,359,0_0.jpg
pools,0.95675266,52,863,78,894,0_0.jpg
pools,0.9522059,486,606,515,636,0_0.jpg
pools,0.8150362,21,846,50,874,0_0.jpg
pools,0.56977934,15,800,41,830,0_0.jpg
pools,0.8786135,3798,4443,3824,4475,3_4.jpg
pools,0.8343081,3422,4477,3446,4509,3_4.jpg
pools,0.6715623,3222,4354,3249,4384,3_4.jpg
pools,0.6695152,3481,4293,3508,4324,3_4.jpg
pools,0.5501257,3797,4492,3827,4525,3_4.jpg
pools,0.51192164,3288,4168,3314,4201,3_4.jpg
pools,0.9749259,2894,1949,2924,1986,2_1.jpg
pools,0.96776295,2965,1797,2993,1828,2_1.jpg
pools,0.8947083,2772,1554,2798,1590,2_1.jpg
pools,0.7184361,2482,1812,2514,1847,2_1.jpg
pools,0.69554883,2444,1951,2475,1989,2_1.jpg
pools,0.6431613,2700,1832,2728,1864,2_1.jpg
pools,0.6005774,2145,1215,2175,1249,2_1.jpg
pools,0.5545395,2280,1144,2310,1175,2_1.jpg
pools,0.53440464,2779,1888,2808,1924,2_1.jpg
pools,0.98228896,2488,2254,2521,2289,2_2.jpg
pools,0.9544952,2856,2890,2888,2924,2_2.jpg
pools,0.8826493,2931,2431,2959,2474,2_2.jpg
pools,0.8463907,2935,2599,2968,2635,2_2.jpg
pools,0.7952548,2465,2774,2490,2808,2_2.jpg
pools,0.7233939,2610,2848,2637,2879,2_2.jpg
pools,0.6446049,2541,2794,2569,2825,2_2.jpg
pools,0.6080805,2784,2093,2816,2126,2_2.jpg
pools,0.5625789,2972,2424,3000,2461,2_2.jpg
pools,0.5160401,2506,2819,2534,2849,2_2.jpg
pools,0.87073195,448,1846,476,1881,0_1.jpg
pools,0.7130142,340,1000,370,1032,0_1.jpg
pools,0.63655293,627,1958,654,1994,0_1.jpg
pools,0.5454593,299,1008,327,1038,0_1.jpg
pools,0.5243535,572,1620,600,1654,0_1.jpg
pools,0.99786025,3048,1038,3082,1079,3_1.jpg
pools,0.9885079,3934,1513,3965,1551,3_1.jpg
pools,0.97193944,3654,1059,3686,1098,3_1.jpg
pools,0.9007364,3680,1886,3714,1925,3_1.jpg
pools,0.92450726,2321,3268,2349,3300,2_3.jpg
pools,0.91365063,2220,3478,2246,3509,2_3.jpg
pools,0.8454597,2350,3348,2376,3379,2_3.jpg
pools,0.8339611,2709,3229,2736,3259,2_3.jpg
pools,0.8019387,2691,3175,2721,3208,2_3.jpg
pools,0.78628325,2837,3867,2864,3901,2_3.jpg
pools,0.7376009,2149,3453,2174,3483,2_3.jpg
pools,0.71502614,2836,3114,2865,3146,2_3.jpg
pools,0.710652,2118,3045,2146,3077,2_3.jpg
pools,0.6832278,2568,3942,2595,3973,2_3.jpg
pools,0.61437255,2312,3936,2339,3971,2_3.jpg
pools,0.5986595,2866,3900,2893,3934,2_3.jpg
pools,0.5892722,2043,3598,2069,3628,2_3.jpg
pools,0.57604235,2182,3471,2208,3501,2_3.jpg
pools,0.5738421,2535,3453,2563,3487,2_3.jpg
pools,0.9967514,1191,375,1222,416,1_0.jpg
pools,0.98021024,1114,961,1147,995,1_0.jpg
pools,0.777534,1169,893,1198,927,1_0.jpg
pools,0.75835884,1213,922,1243,955,1_0.jpg
pools,0.56202686,1241,865,1270,898,1_0.jpg
pools,0.98912394,1207,2009,1239,2044,1_2.jpg
pools,0.9835799,1355,2275,1384,2309,1_2.jpg
pools,0.9138477,1247,2459,1273,2494,1_2.jpg
pools,0.8559886,1501,2448,1532,2484,1_2.jpg
pools,0.84190965,1482,2645,1512,2679,1_2.jpg
pools,0.7607039,1807,2380,1835,2416,1_2.jpg
pools,0.74244696,1273,2049,1305,2088,1_2.jpg
pools,0.670692,1001,2215,1032,2247,1_2.jpg
pools,0.5650555,1370,2577,1396,2607,1_2.jpg
pools,0.51694816,1968,2631,1998,2663,1_2.jpg
pools,0.51303375,1284,2491,1309,2524,1_2.jpg
pools,0.8630793,3075,2805,3103,2840,3_2.jpg
pools,0.8232798,3459,2452,3492,2486,3_2.jpg
pools,0.77874625,3058,2267,3089,2300,3_2.jpg
pools,0.6644494,3401,2607,3430,2640,3_2.jpg
pools,0.5737382,3079,2108,3107,2140,3_2.jpg
pools,0.5018368,3584,2570,3612,2604,3_2.jpg
pools,0.9999867,2331,4735,2362,4781,2_4.jpg
pools,0.97790134,2207,4573,2239,4615,2_4.jpg
pools,0.87552106,2202,4627,2231,4662,2_4.jpg
pools,0.99856174,1354,1353,1390,1392,1_1.jpg
pools,0.97142327,1835,1007,1865,1049,1_1.jpg
pools,0.9664155,1492,1415,1522,1454,1_1.jpg
pools,0.95345336,1378,1868,1413,1902,1_1.jpg
pools,0.9218827,1170,1649,1199,1683,1_1.jpg
pools,0.902636,1323,1000,1354,1033,1_1.jpg
pools,0.89988756,1651,1654,1683,1688,1_1.jpg
pools,0.83804774,1261,1271,1288,1304,1_1.jpg
pools,0.82655454,1339,1735,1371,1767,1_1.jpg
pools,0.7883173,1902,1624,1932,1661,1_1.jpg
pools,0.758687,1470,1716,1497,1747,1_1.jpg
pools,0.75262904,1000,1090,1028,1126,1_1.jpg
pools,0.67793643,1739,1881,1769,1915,1_1.jpg
pools,0.65628886,1146,1969,1179,2000,1_1.jpg
pools,0.6335138,1481,1445,1510,1482,1_1.jpg
pools,0.6296762,1600,1268,1633,1309,1_1.jpg
pools,0.5861392,1544,1000,1573,1035,1_1.jpg
pools,0.5534619,1725,1296,1758,1330,1_1.jpg
pools,0.5477793,1712,1686,1739,1723,1_1.jpg
pools,0.853035,2071,964,2103,1000,2_0.jpg
pools,0.68084216,2795,892,2829,926,2_0.jpg
pools,0.5816454,2346,976,2379,1000,2_0.jpg
pools,0.517012,2127,747,2153,778,2_0.jpg
