vaca,0.90030193,5943,5483,5984,5528,5_5.jpg
vaca,0.88634807,5764,5284,5807,5324,5_5.jpg
vaca,0.87219703,5855,5644,5895,5680,5_5.jpg
vaca,0.85828865,5961,5289,6000,5334,5_5.jpg
vaca,0.82022786,5446,5420,5490,5463,5_5.jpg
vaca,0.80093724,5248,5896,5283,5932,5_5.jpg
vaca,0.7788954,5383,5535,5419,5576,5_5.jpg
vaca,0.77196383,5192,5908,5229,5944,5_5.jpg
vaca,0.7264428,5556,5489,5596,5533,5_5.jpg
vaca,0.65061724,5702,5499,5741,5543,5_5.jpg
vaca,0.6495296,5362,5428,5395,5467,5_5.jpg
vaca,0.55850583,5806,5508,5845,5562,5_5.jpg
vaca,0.55263895,5207,5855,5245,5889,5_5.jpg
vaca,0.98233896,5346,9612,5401,9654,5_9.jpg
vaca,0.77924716,5646,9924,5694,9974,5_9.jpg
vaca,0.64324176,6383,8740,6424,8794,6_8.jpg
vaca,0.95769656,3235,9782,3278,9829,3_9.jpg
vaca,0.9518635,3309,9762,3338,9803,3_9.jpg
vaca,0.94807005,3091,9709,3128,9746,3_9.jpg
vaca,0.93346727,3399,9417,3441,9448,3_9.jpg
vaca,0.93078804,3082,9799,3121,9845,3_9.jpg
vaca,0.9302099,3207,9609,3243,9646,3_9.jpg
vaca,0.9167905,3258,9524,3299,9576,3_9.jpg
vaca,0.8870543,3355,9634,3391,9676,3_9.jpg
vaca,0.88413453,3097,9528,3128,9566,3_9.jpg
vaca,0.8633456,3213,9822,3250,9862,3_9.jpg
vaca,0.81344974,3187,9513,3217,9554,3_9.jpg
vaca,0.75926495,3155,9447,3185,9491,3_9.jpg
vaca,0.7559363,3092,9588,3130,9631,3_9.jpg
vaca,0.68255305,3226,9950,3258,9990,3_9.jpg
vaca,0.6778188,3144,9790,3183,9818,3_9.jpg
vaca,0.5207661,3224,9798,3269,9842,3_9.jpg
vaca,0.9209186,7168,6102,7204,6129,7_6.jpg
vaca,0.7593827,7201,6064,7238,6091,7_6.jpg
vaca,0.9418719,4892,6061,4936,6107,4_6.jpg
vaca,0.9808376,7425,8460,7478,8504,7_8.jpg
vaca,0.9475461,7124,8603,7183,8644,7_8.jpg
vaca,0.942461,7607,8009,7644,8051,7_8.jpg
vaca,0.9393674,7215,8102,7262,8138,7_8.jpg
vaca,0.9335371,7756,8550,7801,8578,7_8.jpg
vaca,0.92512155,7933,8293,7966,8349,7_8.jpg
vaca,0.8792337,7071,8863,7115,8902,7_8.jpg
vaca,0.8276396,4843,5623,4885,5685,4_5.jpg
vaca,0.7542225,5494,8849,5543,8892,5_8.jpg
vaca,0.53375125,5175,8698,5220,8748,5_8.jpg
vaca,0.8406301,7606,9299,7653,9351,7_9.jpg
vaca,0.5315241,7613,9311,7656,9368,7_9.jpg
vaca,0.63243294,6416,20727,6459,20771,6_20.jpg
vaca,0.54068595,13969,10038,14000,10088,13_10.jpg
vaca,0.5179846,13963,10024,13991,10072,13_10.jpg
vaca,0.5151751,13972,10069,14000,10122,13_10.jpg
vaca,0.9874124,3101,10282,3148,10334,3_10.jpg
vaca,0.98440564,3050,10117,3094,10159,3_10.jpg
vaca,0.9814086,3511,10122,3550,10162,3_10.jpg
vaca,0.94902146,3155,10094,3200,10133,3_10.jpg
vaca,0.882738,3148,10037,3184,10079,3_10.jpg
vaca,0.5215329,12279,18387,12316,18445,12_18.jpg
vaca,0.99468434,3862,8372,3912,8417,3_8.jpg
vaca,0.9905755,9843,15804,9889,15862,9_15.jpg
vaca,0.7707211,9073,15104,9112,15161,9_15.jpg
vaca,0.9679823,5713,7904,5757,7943,5_7.jpg
vaca,0.91719264,5892,7031,5936,7071,5_7.jpg
vaca,0.8676696,5573,7686,5621,7729,5_7.jpg
vaca,0.50242376,5771,7204,5820,7245,5_7.jpg
vaca,0.9742143,8172,10846,8218,10885,8_10.jpg
vaca,0.9037906,8146,10516,8186,10570,8_10.jpg
vaca,0.7530323,8236,10949,8278,10996,8_10.jpg
vaca,0.93449754,6653,7092,6694,7150,6_7.jpg
vaca,0.8749112,6452,7211,6494,7262,6_7.jpg
vaca,0.97159004,5131,6174,5176,6213,5_6.jpg
vaca,0.9688238,5304,6172,5348,6215,5_6.jpg
vaca,0.9237374,5540,6078,5585,6119,5_6.jpg
vaca,0.90879524,5725,6147,5767,6192,5_6.jpg
vaca,0.8778173,5175,6482,5222,6548,5_6.jpg
vaca,0.84695446,5121,6324,5167,6370,5_6.jpg
vaca,0.62859887,5195,6099,5232,6132,5_6.jpg
vaca,0.56233495,5236,6372,5279,6410,5_6.jpg
vaca,0.533931,5680,6868,5725,6905,5_6.jpg
vaca,0.5865068,14000,10622,14031,10683,14_10.jpg
vaca,0.74119043,6745,11262,6785,11307,6_11.jpg
vaca,0.94812346,4669,9269,4716,9327,4_9.jpg
vaca,0.88708574,4598,9553,4643,9594,4_9.jpg
vaca,0.86236787,4458,9852,4504,9903,4_9.jpg
vaca,0.5084259,4000,9003,4035,9050,4_9.jpg
vaca,0.9919491,6185,5252,6232,5303,6_5.jpg
vaca,0.97926426,6277,5320,6318,5363,6_5.jpg
vaca,0.9724438,6679,5336,6728,5380,6_5.jpg
vaca,0.9697202,6207,5139,6249,5182,6_5.jpg
vaca,0.9691406,6034,5416,6076,5456,6_5.jpg
vaca,0.96556544,6298,5545,6342,5594,6_5.jpg
vaca,0.9570197,6316,5015,6355,5055,6_5.jpg
vaca,0.9567057,6655,5691,6696,5749,6_5.jpg
vaca,0.95493054,6928,5031,6963,5066,6_5.jpg
vaca,0.94930595,6430,5489,6473,5520,6_5.jpg
vaca,0.9390299,6137,5455,6186,5500,6_5.jpg
vaca,0.93205327,6918,5367,6966,5412,6_5.jpg
vaca,0.9164372,6568,5826,6612,5861,6_5.jpg
vaca,0.9158212,6235,5422,6281,5462,6_5.jpg
vaca,0.90240353,6481,5000,6524,5051,6_5.jpg
vaca,0.8915782,6865,5878,6898,5921,6_5.jpg
vaca,0.89013654,6246,5596,6289,5627,6_5.jpg
vaca,0.8701656,6017,5846,6061,5900,6_5.jpg
vaca,0.8689704,6479,5633,6522,5668,6_5.jpg
vaca,0.85857767,6837,5000,6876,5031,6_5.jpg
vaca,0.85672367,6619,5006,6654,5056,6_5.jpg
vaca,0.8197112,6388,5313,6420,5353,6_5.jpg
vaca,0.8153926,6398,5369,6435,5407,6_5.jpg
vaca,0.78119624,6439,5382,6472,5424,6_5.jpg
vaca,0.7499616,6939,5847,6971,5897,6_5.jpg
vaca,0.72625923,6857,5957,6892,5996,6_5.jpg
vaca,0.6618551,6943,5193,6981,5232,6_5.jpg
vaca,0.63594705,6431,5296,6457,5347,6_5.jpg
vaca,0.5871884,6965,5072,7000,5115,6_5.jpg
vaca,0.5723734,6869,5827,6907,5860,6_5.jpg
vaca,0.7234725,7040,4883,7075,4942,7_4.jpg
vaca,0.91672444,6356,19791,6403,19840,6_19.jpg
vaca,0.8927954,6364,19773,6413,19821,6_19.jpg
vaca,0.80469084,6353,19807,6397,19858,6_19.jpg
vaca,0.7820568,6367,19759,6415,19803,6_19.jpg
vaca,0.6750398,6369,19785,6417,19839,6_19.jpg
vaca,0.55497986,6349,19823,6392,19872,6_19.jpg
vaca,0.53628707,6381,19759,6427,19813,6_19.jpg
vaca,0.97150195,4534,8153,4580,8198,4_8.jpg
vaca,0.70696986,4484,8472,4528,8515,4_8.jpg
vaca,0.5302149,4022,8668,4065,8726,4_8.jpg
vaca,0.9829621,6233,6157,6284,6193,6_6.jpg
vaca,0.966662,6377,6050,6429,6092,6_6.jpg
vaca,0.9656023,6024,6897,6061,6940,6_6.jpg
vaca,0.96359175,6807,6234,6856,6281,6_6.jpg
vaca,0.9266474,6658,6086,6700,6142,6_6.jpg
vaca,0.8981001,6593,6062,6637,6101,6_6.jpg
vaca,0.7935021,6160,6132,6212,6173,6_6.jpg
vaca,0.7909314,6390,6207,6430,6251,6_6.jpg
vaca,0.730968,6293,6205,6339,6248,6_6.jpg
vaca,0.7101295,6534,6017,6569,6062,6_6.jpg
vaca,0.96076685,9604,16175,9651,16223,9_16.jpg
vaca,0.69574195,5824,19215,5866,19274,5_19.jpg
vaca,0.81357104,8818,15249,8854,15293,8_15.jpg
vaca,0.9640597,6658,4822,6704,4876,6_4.jpg
vaca,0.9586977,6772,4804,6812,4837,6_4.jpg
vaca,0.5658228,6805,4902,6831,4945,6_4.jpg
vaca,0.75542855,14486,16933,14537,16990,14_16.jpg
vaca,0.71527094,14481,16950,14530,17000,14_16.jpg
vaca,0.9233677,6117,9263,6160,9319,6_9.jpg
vaca,0.8152437,6633,9139,6680,9186,6_9.jpg
vaca,0.78151,6030,9156,6067,9207,6_9.jpg
vaca,0.78413427,14000,11034,14036,11097,14_11.jpg
vaca,0.72908473,14009,11511,14047,11573,14_11.jpg
vaca,0.6436447,14319,11920,14349,11956,14_11.jpg
vaca,0.5135708,14017,11529,14054,11589,14_11.jpg
vaca,0.50782114,14000,11018,14032,11079,14_11.jpg
vaca,0.90224326,6646,10652,6690,10705,6_10.jpg
vaca,0.80563974,6055,10822,6096,10879,6_10.jpg
vaca,0.60676765,6063,10810,6101,10867,6_10.jpg
vaca,0.9760479,2767,9953,2810,10000,2_9.jpg
vaca,0.96343994,2925,9836,2966,9880,2_9.jpg
vaca,0.911352,2952,9695,2997,9732,2_9.jpg
vaca,0.9730147,7033,5198,7076,5244,7_5.jpg
vaca,0.9599545,7008,5304,7047,5348,7_5.jpg
vaca,0.8876239,7000,5364,7035,5403,7_5.jpg
vaca,0.8100312,7039,5698,7077,5757,7_5.jpg
vaca,0.6662185,4866,7010,4907,7054,4_7.jpg
vaca,0.76264226,13974,11465,14000,11523,13_11.jpg
vaca,0.6383397,13971,11446,14000,11505,13_11.jpg
vaca,0.614742,13910,11827,13940,11866,13_11.jpg
vaca,0.5970709,13919,11770,13953,11816,13_11.jpg
vaca,0.5428009,13965,11433,13994,11492,13_11.jpg
vaca,0.53318965,13916,11816,13947,11856,13_11.jpg
vaca,0.5288365,13926,11746,13960,11796,13_11.jpg
vaca,0.9445598,7087,7906,7130,7949,7_7.jpg
vaca,0.61534274,7000,7912,7036,7951,7_7.jpg
vaca,0.56670225,7934,7094,7973,7147,7_7.jpg
